src_filename,dest_filename,location
IMG_1771.jpg,0001.jpg,"Burt Lake, United States"
IMG_2102.jpg,0002.jpg,"Burt Lake, United States"
IMG_2200.jpg,0003.jpg,"Hoboken, United States"
IMG_2201.jpg,0004.jpg,"Long Branch Beach, United States"
IMG_3293.jpg,0005.jpg,"Reykjavik, Iceland"
IMG_3356.jpg,0006.jpg,"Oxararfoss, Iceland"
IMG_3460.jpg,0007.jpg,"Skogafoss, Iceland"
IMG_3490.jpg,0008.jpg,"Skogafoss, Iceland"
IMG_3555.jpg,0009.jpg,"Skogafoss, Iceland"
IMG_3586.jpg,0010.jpg,"Skogafoss, Iceland"
IMG_3723.jpg,0011.jpg,"Dyrholaey, Iceland"
IMG_4213.jpg,0012.jpg,"Zona Arqueologica de Muyil, Mexico"
IMG_4355.jpg,0013.jpg,"Catskill Mountains, United States"
IMG_4850.jpg,0014.jpg,"Mallorca, Spain"
IMG_4860.jpg,0015.jpg,"Montserrat, Spain"
IMG_4933.jpg,0016.jpg,"Montserrat, Spain"
IMG_4963.jpg,0017.jpg,"Montserrat, Spain"
IMG_5011.jpg,0018.jpg,"Sevilla, Spain"
IMG_5053.jpg,0019.jpg,"Sevilla, Spain"
IMG_5107.jpg,0020.jpg,"Sevilla, Spain"
IMG_5218.jpg,0021.jpg,"Marbella, Spain"
IMG_5305.jpg,0022.jpg,"Cadaques, Spain"
IMG_5394.jpg,0023.jpg,"Tossa de Mar, Spain"
IMG_5419.jpg,0024.jpg,"Tossa de Mar, Spain"
IMG_5448.jpg,0025.jpg,"Tossa de Mar, Spain"
IMG_5478.jpg,0026.jpg,"Barcelona, Spain"
IMG_5496.jpg,0027.jpg,"Barcelona, Spain"
IMG_5567.jpg,0028.jpg,"Narbonne, France"
IMG_5705.jpg,0029.jpg,"Paris, France"
IMG_5780.jpg,0030.jpg,"Todgha Gorge, Morocco"
IMG_5785.jpg,0031.jpg,"Todgha Gorge, Morocco"
IMG_5793.jpg,0032.jpg,"Todgha Gorge, Morocco"
IMG_5805.jpg,0033.jpg,"Todgha Gorge, Morocco"
IMG_5815.jpg,0034.jpg,"Sahara Desert, Morocco"
IMG_5875.jpg,0035.jpg,"Sahara Desert, Morocco"
IMG_5879.jpg,0036.jpg,"Sahara Desert, Morocco"
IMG_5886.jpg,0037.jpg,"Sahara Desert, Morocco"
IMG_6020.jpg,0038.jpg,"Sahara Desert, Morocco"
IMG_6028.jpg,0039.jpg,"Sahara Desert, Morocco"
IMG_6049.jpg,0040.jpg,"Sahara Desert, Morocco"
IMG_6050.jpg,0041.jpg,"Oslo, Norway"
IMG_6064.jpg,0042.jpg,"Oslo, Norway"
IMG_6081.jpg,0043.jpg,"Oslo, Norway"
IMG_6104.jpg,0044.jpg,"Oslo, Norway"
IMG_6105.jpg,0045.jpg,"Oslo, Norway"
IMG_6368.jpg,0046.jpg,"Bang Lamung, Thailand"
IMG_6386.jpg,0047.jpg,"Bangkok, Thailand"
IMG_6451.jpg,0048.jpg,"Uluwatu, Indonesia"
IMG_6453.jpg,0049.jpg,"Uluwatu, Indonesia"
IMG_6464.jpg,0050.jpg,"Uluwatu, Indonesia"
IMG_6500.jpg,0051.jpg,"Catskill Mountains, United States"
IMG_6501.jpg,0052.jpg,"Catskill Mountains, United States"
IMG_6741.jpg,0053.jpg,"Brooklyn, United States"
IMG_6767.jpg,0054.jpg,"Rotterdam, Netherlands"
IMG_6770.jpg,0055.jpg,"Rotterdam, Netherlands"
IMG_6773.jpg,0056.jpg,"Rotterdam, Netherlands"
IMG_6777.jpg,0057.jpg,"Rotterdam, Netherlands"
IMG_6781.jpg,0058.jpg,"Rotterdam, Netherlands"
IMG_6800.jpg,0059.jpg,"Rotterdam, Netherlands"
IMG_6861.jpg,0060.jpg,"Rotterdam, Netherlands"
IMG_6871.jpg,0061.jpg,"Rotterdam, Netherlands"
IMG_6888.jpg,0062.jpg,"Bruges, Belgium"
IMG_6949.jpg,0063.jpg,"Bruges, Belgium"
IMG_6981.jpg,0064.jpg,"Bruges, Belgium"
IMG_6987.jpg,0065.jpg,"Bruges, Belgium"
IMG_6997.jpg,0066.jpg,"Bruges, Belgium"
IMG_7001.jpg,0067.jpg,"Bruges, Belgium"
IMG_7006.jpg,0068.jpg,"Bruges, Belgium"
IMG_7018.jpg,0069.jpg,"Bruges, Belgium"
IMG_7098.jpg,0070.jpg,"Bruges, Belgium"
IMG_7121.jpg,0071.jpg,"Bruges, Belgium"
IMG_7131.jpg,0072.jpg,"Bruges, Belgium"
IMG_7135.jpg,0073.jpg,"Bruges, Belgium"
IMG_7171.jpg,0074.jpg,"Ghent, Belgium"
IMG_7203.jpg,0075.jpg,"Ghent, Belgium"
IMG_7243.jpg,0076.jpg,"Amsterdam, Netherlands"
IMG_7246.jpg,0077.jpg,"Amsterdam, Netherlands"
IMG_7266.jpg,0078.jpg,"Amsterdam, Netherlands"
IMG_7285.jpg,0079.jpg,"Amsterdam, Netherlands"
IMG_7379.jpg,0080.jpg,"Lake Atitlan, Guatemala"
IMG_7417.jpg,0081.jpg,"Panajachel, Guatemala"
IMG_7430.jpg,0082.jpg,"Panajachel, Guatemala"
IMG_7443.jpg,0083.jpg,"Panajachel, Guatemala"
IMG_7477.jpg,0084.jpg,"Panajachel, Guatemala"
IMG_7489.jpg,0085.jpg,"Panajachel, Guatemala"
IMG_7496.jpg,0086.jpg,"Panajachel, Guatemala"
IMG_7500.jpg,0087.jpg,"Panajachel, Guatemala"
IMG_7505.jpg,0088.jpg,"Panajachel, Guatemala"
IMG_7520.jpg,0089.jpg,"Panajachel, Guatemala"
IMG_7523.jpg,0090.jpg,"Panajachel, Guatemala"
IMG_7524.jpg,0091.jpg,"Panajachel, Guatemala"
IMG_7534.jpg,0092.jpg,"Panajachel, Guatemala"
IMG_7539.jpg,0093.jpg,"Panajachel, Guatemala"
IMG_7564.jpg,0094.jpg,"San Marcos La Laguna, Guatemala"
IMG_7589.jpg,0095.jpg,"Lake Atitlan, Guatemala"
IMG_7600.jpg,0096.jpg,"Lake Atitlan, Guatemala"
IMG_7649.jpg,0097.jpg,"San Pedro La Laguna, Guatemala"
IMG_7683.jpg,0098.jpg,"San Pedro La Laguna, Guatemala"
IMG_7686.jpg,0099.jpg,"Santa Clara La Laguna, Guatemala"
